PokemonA,TypeA1,TypeA2,PokemonB,TypeB1,TypeB2,Winner
Bulbasaur,Grass,Poison,Cresselia,Psychic,,Cresselia
Ivysaur,Grass,Poison,Phione,Water,,Ivysaur
Venusaur,Grass,Poison,Manaphy,Water,,Venusaur
Mega Venusaur,Grass,Poison,Darkrai,Dark,,Darkrai
Charmander,Fire,,Shaymin Land Form,Grass,,Charmander
Charmeleon,Fire,,Shaymin Sky Form,Grass,Flying,Charmeleon
Charizard,Fire,Flying,Arceus,Normal,,Arceus
Mega Charizard X,Fire,Dragon,Victini,Psychic,Fire,Mega Charizard X
Mega Charizard Y,Fire,Flying,Snivy,Grass,,Mega Charizard Y
Squirtle,Water,,Servine,Grass,,Servine
Wartortle,Water,,Serperior,Grass,,Serperior
Blastoise,Water,,Tepig,Fire,,Blastoise
Mega Blastoise,Water,,Pignite,Fire,Fighting,Mega Blastoise
Caterpie,Bug,,Emboar,Fire,Fighting,Emboar
Metapod,Bug,,Oshawott,Water,,Oshawott
Butterfree,Bug,Flying,Dewott,Water,,Butterfree
Weedle,Bug,Poison,Samurott,Water,,Samurott
Kakuna,Bug,Poison,Hisuian Samurott,Water,Dark,Hisuian Samurott
Beedrill,Bug,Poison,Patrat,Normal,,Patrat
Mega Beedrill,Bug,Poison,Watchog,Normal,,Mega Beedrill
Pidgey,Normal,Flying,Lillipup,Normal,,Lillipup
Pidgeotto,Normal,Flying,Herdier,Normal,,Herdier
Pidgeot,Normal,Flying,Stoutland,Normal,,Stoutland
Mega Pidgeot,Normal,Flying,Purrloin,Dark,,Purrloin
Rattata,Normal,,Liepard,Dark,,Rattata
Alolan Rattata,Dark,Normal,Pansage,Grass,,Pansage
Raticate,Normal,,Simisage,Grass,,Raticate
Alolan Raticate,Dark,Normal,Pansear,Fire,,Pansear
Spearow,Normal,Flying,Simisear,Fire,,Spearow
Fearow,Normal,Flying,Panpour,Water,,Panpour
Ekans,Poison,,Simipour,Water,,Ekans
Arbok,Poison,,Munna,Psychic,,Arbok
Pikachu,Electric,,Musharna,Psychic,,Musharna
Raichu,Electric,,Pidove,Normal,Flying,Raichu
Alolan Raichu,Electric,Psychic,Tranquill,Normal,Flying,Alolan Raichu
Sandshrew,Ground,,Unfezant,Normal,Flying,Unfezant
Alolan Sandshrew,Ice,Steel,Blitzle,Electric,,Blitzle
Sandslash,Ground,,Zebstrika,Electric,,Sandslash
Alolan Sandslash,Ice,Steel,Roggenrola,Rock,,Roggenrola
Nidoran F,Poison,,Boldore,Rock,,Nidoran F
Nidorina,Poison,,Gigalith,Rock,,Gigalith
Nidoqueen,Poison,Ground,Woobat,Psychic,Flying,Woobat
Nidoran M,Poison,,Swoobat,Psychic,Flying,Swoobat
Nidorino,Poison,,Drilbur,Ground,,Drilbur
Nidoking,Poison,Ground,Excadrill,Ground,Steel,Nidoking
Clefairy,Fairy,,Audino,Normal,,Clefairy
Clefable,Fairy,,Mega Audino,Normal,Fairy,Mega Audino
Vulpix,Fire,,Timburr,Fighting,,Timburr
Alolan Vulpix,Ice,,Gurdurr,Fighting,,Gurdurr
Ninetales,Fire,,Conkeldurr,Fighting,,Ninetales
Alolan Ninetales,Ice,Fairy,Tympole,Water,,Tympole
Jigglypuff,Normal,Fairy,Palpitoad,Water,Ground,Jigglypuff
Wigglytuff,Normal,Fairy,Seismitoad,Water,Ground,Seismitoad
Zubat,Poison,Flying,Throh,Fighting,,Zubat
Golbat,Poison,Flying,Sawk,Fighting,,Golbat
Oddish,Grass,Poison,Sewaddle,Bug,Grass,Oddish
Gloom,Grass,Poison,Swadloon,Bug,Grass,Gloom
Vileplume,Grass,Poison,Leavanny,Bug,Grass,Leavanny
Paras,Bug,Grass,Venipede,Bug,Poison,Venipede
Parasect,Bug,Grass,Whirlipede,Bug,Poison,Whirlipede
Venonat,Bug,Poison,Scolipede,Bug,Poison,Scolipede
Venomoth,Bug,Poison,Cottonee,Grass,Fairy,Venomoth
Diglett,Ground,,Whimsicott,Grass,Fairy,Whimsicott
Alolan Diglett,Ground,Steel,Petilil,Grass,,Petilil
Dugtrio,Ground,,Lilligant,Grass,,Lilligant
Alolan Dugtrio,Ground,Steel,Hisuian Lilligant,Grass,Fighting,Hisuian Lilligant
Meowth,Normal,,Basculin Red Stripe,Water,,Basculin Red Stripe
Alolan Meowth,Dark,,Basculin Blue Stripe,Water,,Basculin Blue Stripe
Galarian Meowth,Steel,,Hisuian Basculin,Water,,Galarian Meowth
Persian,Normal,,Sandile,Ground,Dark,Persian
Alolan Persian,Dark,,Krokorok,Ground,Dark,Krokorok
Psyduck,Water,,Krookodile,Ground,Dark,Psyduck
Golduck,Water,,Darumaka,Fire,,Golduck
Mankey,Fighting,,Galarian Darumaka,Ice,,Mankey
Primeape,Fighting,,Darmanitan,Fire,,Darmanitan
Growlithe,Fire,,Darmanitan Zen-Mode,Fire,Psychic,Growlithe
Hisuian Growlithe,Fire,Rock,Galarian Darmanitan,Ice,,Hisuian Growlithe
Arcanine,Fire,,Galarian Darmanitan Zen-Mode,Ice,Fire,Galarian Darmanitan Zen-Mode
Hisuian Arcanine,Fire,Rock,Maractus,Grass,,Hisuian Arcanine
Poliwag,Water,,Dwebble,Bug,Rock,Poliwag
Poliwhirl,Water,,Crustle,Bug,Rock,Poliwhirl
Poliwrath,Water,Fighting,Scraggy,Dark,Fighting,Poliwrath
Abra,Psychic,,Scrafty,Dark,Fighting,Scrafty
Kadabra,Psychic,,Sigilyph,Psychic,Flying,Sigilyph
Alakazam,Psychic,,Yamask,Ghost,,Yamask
Mega Alakazam,Psychic,,Galarian Yamask,Ground,Ghost,Galarian Yamask
Machop,Fighting,,Cofagrigus,Ghost,,Cofagrigus
Machoke,Fighting,,Tirtouga,Water,Rock,Machoke
Machamp,Fighting,,Carracosta,Water,Rock,Machamp
Bellsprout,Grass,Poison,Archen,Rock,Flying,Archen
Weepinbell,Grass,Poison,Archeops,Rock,Flying,Archeops
Victreebel,Grass,Poison,Trubbish,Poison,,Trubbish
Tentacool,Water,Poison,Garbodor,Poison,,Tentacool
Tentacruel,Water,Poison,Zorua,Dark,,Zorua
Geodude,Rock,Ground,Hisuian Zorua,Normal,Ghost,Geodude
Alolan Geodude,Rock,Electric,Zoroark,Dark,,Alolan Geodude
Graveler,Rock,Ground,Hisuian Zoroark,Normal,Ghost,Graveler
Alolan Graveler,Rock,Electric,Minccino,Normal,,Alolan Graveler
Golem,Rock,Ground,Cinccino,Normal,,Golem
Alolan Golem,Rock,Electric,Gothita,Psychic,,Alolan Golem
Ponyta,Fire,,Gothorita,Psychic,,Gothorita
Galarian Ponyta,Psychic,,Gothitelle,Psychic,,Gothitelle
Rapidash,Fire,,Solosis,Psychic,,Solosis
Galarian Rapidash,Psychic,Fairy,Duosion,Psychic,,Galarian Rapidash
Slowpoke,Water,Psychic,Reuniclus,Psychic,,Slowpoke
Galarian Slowpoke,Psychic,,Ducklett,Water,Flying,Galarian Slowpoke
Slowbro,Water,Psychic,Swanna,Water,Flying,Swanna
Galarian Slowbro,Poison,Psychic,Vanillite,Ice,,Galarian Slowbro
Mega Slowbro,Water,Psychic,Vanillish,Ice,,Mega Slowbro
Magnemite,Electric,Steel,Vanilluxe,Ice,,Magnemite
Magneton,Electric,Steel,Deerling Spring Form,Normal,Grass,Magneton
Farfetch'd,Normal,Flying,Deerling Summer Form,Normal,Grass,Farfetch'd
Galarian Farfetch'd,Fighting,,Deerling Autumn Form,Normal,Grass,Galarian Farfetch'd
Doduo,Normal,Flying,Deerling Winter Form,Normal,Grass,Doduo
Dodrio,Normal,Flying,Sawsbuck,Normal,Grass,Dodrio
Seel,Water,,Emolga,Electric,Flying,Emolga
Dewgong,Water,Ice,Karrablast,Bug,,Dewgong
Grimer,Poison,,Escavalier,Bug,Steel,Escavalier
Alolan Grimer,Poison,Dark,Foongus,Grass,Poison,Alolan Grimer
Muk,Poison,,Amoonguss,Grass,Poison,Amoonguss
Alolan Muk,Poison,Dark,Frillish,Water,Ghost,Alolan Muk
Shellder,Water,,Jellicent,Water,Ghost,Jellicent
Cloyster,Water,Ice,Alomomola,Water,,Cloyster
Gastly,Ghost,Poison,Joltik,Bug,Electric,Gastly
Haunter,Ghost,Poison,Galvantula,Bug,Electric,Haunter
Gengar,Ghost,Poison,Ferroseed,Grass,Steel,Gengar
Mega Gengar,Ghost,Poison,Ferrothorn,Grass,Steel,Ferrothorn
Onix,Rock,Ground,Klink,Steel,,Onix
Drowzee,Psychic,,Klang,Steel,,Klang
Hypno,Psychic,,Klinklang,Steel,,Klinklang
Krabby,Water,,Tynamo,Electric,,Tynamo
Kingler,Water,,Eelektrik,Electric,,Eelektrik
Voltorb,Electric,,Eelektross,Electric,,Eelektross
Hisuian Voltorb,Electric,Grass,Elgyem,Psychic,,Hisuian Voltorb
Electrode,Electric,,Beheeyem,Psychic,,Beheeyem
Hisuian Electrode,Electric,Grass,Litwick,Ghost,Fire,Litwick
Exeggcute,Grass,Psychic,Lampent,Ghost,Fire,Lampent
Exeggutor,Grass,Psychic,Chandelure,Ghost,Fire,Chandelure
Alolan Exeggutor,Grass,Dragon,Axew,Dragon,,Alolan Exeggutor
Cubone,Ground,,Fraxure,Dragon,,Fraxure
Marowak,Ground,,Haxorus,Dragon,,Haxorus
Alolan Marowak,Fire,Ghost,Cubchoo,Ice,,Alolan Marowak
Hitmonlee,Fighting,,Beartic,Ice,,Hitmonlee
Hitmonchan,Fighting,,Cryogonal,Ice,,Hitmonchan
Lickitung,Normal,,Shelmet,Bug,,Lickitung
Koffing,Poison,,Accelgor,Bug,,Accelgor
Weezing,Poison,,Stunfisk,Ground,Electric,Stunfisk
Galarian Weezing,Poison,Fairy,Galarian Stunfisk,Ground,Steel,Galarian Stunfisk
Rhyhorn,Ground,Rock,Mienfoo,Fighting,,Mienfoo
Rhydon,Ground,Rock,Mienshao,Fighting,,Mienshao
Chansey,Normal,,Druddigon,Dragon,,Druddigon
Tangela,Grass,,Golett,Ground,Ghost,Tangela
Kangaskhan,Normal,,Golurk,Ground,Ghost,Golurk
Mega Kangaskhan,Normal,,Pawniard,Dark,Steel,Mega Kangaskhan
Horsea,Water,,Bisharp,Dark,Steel,Bisharp
Seadra,Water,,Bouffalant,Normal,,Bouffalant
Goldeen,Water,,Rufflet,Normal,Flying,Goldeen
Seaking,Water,,Braviary,Normal,Flying,Seaking
Staryu,Water,,Hisuian Braviary,Psychic,Flying,Hisuian Braviary
Starmie,Water,Psychic,Vullaby,Dark,Flying,Vullaby
Mr. Mime,Psychic,Fairy,Mandibuzz,Dark,Flying,Mandibuzz
Galarian Mr. Mime,Ice,Psychic,Heatmor,Fire,,Heatmor
Scyther,Bug,Flying,Durant,Bug,Steel,Durant
Jynx,Ice,Psychic,Deino,Dark,Dragon,Jynx
Electabuzz,Electric,,Zweilous,Dark,Dragon,Zweilous
Magmar,Fire,,Hydreigon,Dark,Dragon,Hydreigon
Pinsir,Bug,,Larvesta,Bug,Fire,Larvesta
Mega Pinsir,Bug,Flying,Volcarona,Bug,Fire,Mega Pinsir
Tauros,Normal,,Cobalion,Steel,Fighting,Cobalion
Paldean Tauros Combat Breed,Fighting,,Terrakion,Rock,Fighting,Paldean Taurus Combat Breed
Paldean Tauros Blaze Breed,Fighting,Fire,Virizion,Grass,Fighting,Paldean Tauros Blaze Breed
Paldean Tauros Aqua Breed,Fighting,Water,Tornadus Incarnate Form,Flying,,Tornadus Incarnate Form
Magikarp,Water,,Tornadus Therian Form,Flying,,Tornadus Therian Form
Gyarados,Water,Flying,Thundurus Incarnate Form,Electric,Flying,Thundurus Incarnate Form
Mega Gyarados,Water,Dark,Thundurus Therian Form,Electric,Flying,Thundurus Therian Form
Lapras,Water,Ice,Reshiram,Dragon,Fire,Lapras
Ditto,Normal,,Zekrom,Dragon,Electric,Zekrom
Eevee,Normal,,Landorus Incarnate Form,Ground,Flying,Landorus Incarnate Form
Vaporeon,Water,,Landorus Therian Form,Ground,Flying,Vaporeon
Jolteon,Electric,,Kyurem,Dragon,Ice,Kyurem
Flareon,Fire,,White Kyurem,Dragon,Ice,White Kyurem
Porygon,Normal,,Black Kyurem,Dragon,Ice,Black Kyurem
Omanyte,Rock,Water,Keldeo Ordinary Form,Water,Fighting,Keldeo Ordinary Form
Omastar,Rock,Water,Keldeo Resolute Form,Water,Fighting,Keldeo Resolute Form
Kabuto,Rock,Water,Meloetta Aria Form,Normal,Psychic,Meloetta Aria Form
Kabutops,Rock,Water,Meloetta Pirouette Form,Normal,Fighting,Meloetta Pirouette Form
Aerodactyl,Rock,Flying,Genesect,Bug,Steel,Genesect
Mega Aerodactyl,Rock,Flying,Chespin,Grass,,Mega Aerodactyl
Snorlax,Normal,,Quilladin,Grass,,Quilladin
Articuno,Ice,Flying,Chesnaught,Grass,Fighting,Articuno
Galarian Articuno,Psychic,Flying,Fennekin,Fire,,Galarian Articuno
Zapdos,Electric,Flying,Braixen,Fire,,Zapdos
Galarian Zapdos,Fighting,Flying,Delphox,Fire,Psychic, Delphox
Moltres,Fire,Flying,Froakie,Water,,Froakie
Galarian Moltres,Dark,Flying,Frogadier,Water,,Galarian Moltres
Dratini,Dragon,,Greninja,Water,Dark,Dratini
Dragonair,Dragon,,Ash Greninja,Water,Dark,Dragonair
Dragonite,Dragon,Flying,Bunnelby,Normal,,Dragonite
Mewtwo,Psychic,,Diggersby,Normal,Ground,Mewtwo
Mega Mewtwo X,Psychic,Fighting,Fletchling,Normal,Flying,Mega Mewtwo X
Mega Mewtwo Y,Psychic,,Fletchinder,Fire,Flying,Mega Mewtwo Y
Mew,Psychic,,Talonflame,Fire,Flying,Mew
Chikorita,Grass,,Scatterbug,Bug,,Scatterbug
Bayleef,Grass,,Spewpa,Bug,,Spewpa
Meganium,Grass,,Vivillon,Bug,Flying,Vivillon
Cyndaquil,Fire,,Litleo,Fire,Normal,Litleo
Quilava,Fire,,Pyroar,Fire,Normal,Quilava
Typhlosion,Fire,,Flabebe,Fairy,,Flabebe
Hisuian Typhlosion,Fire,Ghost,Floette,Fairy,,Hisuian Typhlosion
Totodile,Water,,Florges,Fairy,,Totodile
Croconaw,Water,,Skiddo,Grass,,Skiddo
Feraligatr,Water,,Gogoat,Grass,,Gogoat
Sentret,Normal,,Pancham,Fighting,,Pancham
Furret,Normal,,Pangoro,Fighting,Dark,Pangoro
Hoothoot,Normal,Flying,Furfrou,Normal,,Furfrou
Noctowl,Normal,Flying,Espurr,Psychic,,Noctowl
Ledyba,Bug,Flying,Meowstic Male,Psychic,,Ledyba
Ledian,Bug,Flying,Meowstic Female,Psychic,,Ledian
Spinarak,Bug,Poison,Honedge,Steel,Ghost,Honedge
Ariados,Bug,Poison,Doublade,Steel,Ghost,Doublade
Crobat,Poison,Flying,Aegislash Shield Form,Steel,Ghost,Aegislash Shield Form
Chinchou,Water,Electric,Aegislash Blade Form,Steel,Ghost,Aegislash Blade Form
Lanturn,Water,Electric,Spritzee,Fairy,,Spritzee
Pichu,Electric,,Aromatisse,Fairy,,Pichu
Cleffa,Fairy,,Swirlix,Fairy,,Swirlix
Igglybuff,Normal,Fairy,Slurpuff,Fairy,,Slurpuff
Togepi,Fairy,,Inkay,Dark,Psychic,Togepi
Togetic,Fairy,Flying,Malamar,Dark,Psychic,Togetic
Natu,Psychic,Flying,Binacle,Rock,Water,Binacle
Xatu,Psychic,Flying,Barbaracle,Rock,Water,Barbaracle
Mareep,Electric,,Skrelp,Poison,Water,Mareep
Flaaffy,Electric,,Dragalge,Poison,Dragon,Dragalge
Ampharos,Electric,,Clauncher,Water,,Ampharos
Mega Ampharos,Electric,Dragon,Clawitzer,Water,,Mega Ampharos
Bellossom,Grass,,Helioptile,Electric,Normal,Bellossom
Marill,Water,Fairy,Heliolisk,Electric,Normal,Heliolisk
Azumarill,Water,Fairy,Tyrunt,Rock,Dragon,Azumarill
Sudowoodo,Rock,,Tyrantrum,Rock,Dragon,Tyrantrum
Politoed,Water,,Amaura,Rock,Ice,Politoed
Hoppip,Grass,Flying,Aurorus,Rock,Ice,Aurorus
Skiploom,Grass,Flying,Sylveon,Fairy,,Sylveon
Jumpluff,Grass,Flying,Hawlucha,Fighting,Flying,Jumpluff
Aipom,Normal,,Dedenne,Electric,Fairy,Dedenne
Sunkern,Grass,,Carbink,Rock,Fairy,Sunkern
Sunflora,Grass,,Goomy,Dragon,,Goomy
Yanma,Bug,Flying,Sliggoo,Dragon,,Yanma
Paldean Wooper,Poison,Ground,Hisuian Sliggoo,Steel,Dragon,Hisuian Sliggoo
Wooper,Water,Ground,Goodra,Dragon,,Goodra
Quagsire,Water,Ground,Hisuian Goodra,Steel,Dragon,Quagsire
Espeon,Psychic,,Klefki,Steel,Fairy,Klefki
Umbreon,Dark,,Phantump,Ghost,Grass,Umbreon
Murkrow,Dark,Flying,Trevenant,Ghost,Grass,Murkrow
Slowking,Water,Psychic,Pumpkaboo Small,Ghost,Grass,Slowking
Galarian Slowking,Poison,Psychic,Pumpkaboo Average,Ghost,Grass,Pumpkaboo Average
Misdreavus,Ghost,,Pumpkaboo Large,Ghost,Grass,Misdreavus
Unown,Psychic,,Pumpkaboo Super,Ghost,Grass,Unown
Wobbuffet,Psychic,,Gourgeist Small,Ghost,Grass,Wobbuffet
Girafarig,Normal,Psychic,Gourgeist Average,Ghost,Grass,Girafarig
Pineco,Bug,,Gourgeist Large,Ghost,Grass,Gourgeist Large
Forretress,Bug,Steel,Gourgeist Super,Ghost,Grass,Forretress
Dunsparce,Normal,,Bergmite,Ice,,Bergmite
Gligar,Ground,Flying,Avalugg,Ice,,Avalugg
Steelix,Steel,Ground,Hisuian Avalugg,Ice,Rock,Steelix
Mega Steelix,Steel,Ground,Noibat,Flying,Dragon,Mega Steelix
Snubbull,Fairy,,Noivern,Flying,Dragon,Snubbull
Granbull,Fairy,,Xerneas,Fairy,,Xerneas
Qwilfish,Water,Poison,Yveltal,Dark,Flying,Yveltal
Hisuian Qwilfish,Dark,Poison,Zygarde 50% Form,Dragon,Ground,Zygarde 50% Form
Scizor,Bug,Steel,Zygarde 10% Form,Dragon,Ground,Scizor
Mega Scizor,Bug,Steel,Zygarde Complete Form,Dragon,Ground,Mega Scizor
Shuckle,Bug,Rock,Diancie,Rock,Fairy,Diancie
Heracross,Bug,Fighting,Mega Diancie,Rock,Fairy,Mega Diancie
Mega Heracross,Bug,Fighting,Confined Hoopa,Psychic,Ghost,Confined Hoopa
Sneasel,Dark,Ice,Unbound Hoopa,Psychic,Dark,Sneasel
Hisuian Sneasel,Fighting,Poison,Volcanion,Fire,Water,Volcanion
Teddiursa,Normal,,Rowlet,Grass,Flying,Rowlet
Ursaring,Normal,,Dartrix,Grass,Flying,Dartrix
Slugma,Fire,,Decidueye,Grass,Ghost,Slugma
Magcargo,Fire,Rock,Hisuian Decidueye,Grass,Fighting,Hisuian Decidueye
Swinub,Ice,Ground,Litten,Fire,,Litten
Piloswine,Ice,Ground,Torracat,Fire,,Torracat
Corsola,Water,Rock,Incineroar,Fire,Dark,Corsola
Galarian Corsola,Ghost,,Popplio,Water,,Galarian Corsola
Remoraid,Water,,Brionne,Water,,Remoraid
Octillery,Water,,Primarina,Water,Fairy,Primarina
Delibird,Ice,Flying,Pikipek,Normal,Flying,Delibird
Mantine,Water,Flying,Trumbeak,Normal,Flying,Mantine
Skarmory,Steel,Flying,Toucannon,Normal,Flying,Skarmory
Houndour,Dark,Fire,Yungoos,Normal,,Houndour
Houndoom,Dark,Fire,Gumshoos,Normal,,Houndoom
Mega Houndoom,Dark,Fire,Grubbin,Bug,,Mega Houndoom
Kingdra,Water,Dragon,Charjabug,Bug,Electric,Charjabug
Phanpy,Ground,,Vikavolt,Bug,Electric,Phanpy
Donphan,Ground,,Crabrawler,Fighting,,Crabrawler
Porygon2,Normal,,Crabominable,Fighting,Ice,Porygon2
Stantler,Normal,,Oricorio Baile Style,Fire,Flying,Oricorio Baile Style
Smeargle,Normal,,Oricorio Pom-Pom Style,Electric,Flying,Oricorio Pom-Pom Style
Tyrogue,Fighting,,Oricorio Pa'u Style,Psychic,Flying,Oricorio Pa'u Style
Hitmontop,Fighting,,Oricorio Sensu Style,Ghost,Flying,Oricorio Sensu Style
Smoochum,Ice,Psychic,Cutiefly,Bug,Fairy,Smoochum
Elekid,Electric,,Ribombee,Bug,Fairy,Ribombee
Magby,Fire,,Rockruff,Rock,,Rockruff
Miltank,Normal,,Lycanroc Midday Form,Rock,,Miltank
Blissey,Normal,,Lycanroc Midnight Form,Rock,,Lycanroc Midnight Form
Raikou,Electric,,Lycanroc Dusk Form,Rock,,Lycanroc Dusk Form
Entei,Fire,,Wishiwashi Solo Form,Water,,Wishiwashi Solo Form
Suicune,Water,,Wishiwashi School Form,Water,,Suicune
Larvitar,Rock,Ground,Mareanie,Poison,Water,Mareanie
Pupitar,Rock,Ground,Toxapex,Poison,Water,Toxapex
Tyranitar,Rock,Dark,Mudbray,Ground,,Mudbray
Mega Tyranitar,Rock,Dark,Mudsdale,Ground,,Mudsdale
Lugia,Psychic,Flying,Dewpider,Water,Bug,Lugia
Ho-Oh,Fire,Flying,Araquanid,Water,Bug,Ho-Oh
Celebi,Psychic,Grass,Fomantis,Grass,,Fomantis
Treecko,Grass,,Lurantis,Grass,,Lurantis
Grovyle,Grass,,Morelull,Grass,Fairy,Grovyle
Sceptile,Grass,,Shiinotic,Grass,Fairy,Sceptile
Mega Sceptile,Grass,Dragon,Salandit,Poison,Fire,Salandit
Torchic,Fire,,Salazzle,Poison,Fire,Torchic
Combusken,Fire,Fighting,Stufful,Normal,Fighting,Combusken
Blaziken,Fire,Fighting,Bewear,Normal,Fighting,Blaziken
Mega Blaziken,Fire,Fighting,Bounsweet,Grass,,Mega Blaziken
Mudkip,Water,,Steenee,Grass,,Steenee
Marshtomp,Water,Ground,Tsareena,Grass,,Tsareena
Swampert,Water,Ground,Comfey,Fairy,,Swampert
Mega Swampert,Water,Ground,Oranguru,Normal,Psychic,Mega Swampert
Poochyena,Dark,,Passimian,Fighting,,Passimian
Mightyena,Dark,,Wimpod,Bug,Water,Wimpod
Zigzagoon,Normal,,Golisopod,Bug,Water,Golisopod
Galarian Zigzagoon,Dark,Normal,Sandygast,Ghost,Ground,Galarian Zigzagoon
Linoone,Normal,,Palossand,Ghost,Ground,Palossand
Galarian Linoone,Dark,Normal,Pyukumuku,Water,,Pyukumuku
Wurmple,Bug,,Type: Null,Normal,,Wurmple
Silcoon,Bug,,Silvally,Normal,,Silcoon
Beautifly,Bug,Flying,Minior Meteor Form,Rock,Flying,Minior Meteor Form
Cascoon,Bug,,Minior Red Core,Rock,Flying,Minior Red Core
Dustox,Bug,Poison,Minior Orange Core,Rock,Flying,Minior Orange Core
Lotad,Water,Grass,Minior Yellow Core,Rock,Flying,Lotad
Lombre,Water,Grass,Minior Green Core,Rock,Flying,Lombre
Ludicolo,Water,Grass,Minior Blue Core,Rock,Flying,Ludicolo
Seedot,Grass,,Minior Indigo Core,Rock,Flying,Minior Indigo Core
Nuzleaf,Grass,Dark,Minior Purple Core,Rock,Flying,Minior Purple Core
Shiftry,Grass,Dark,Komala,Normal,,Komala
Taillow,Normal,Flying,Turtonator,Fire,Dragon,Taillow
Swellow,Normal,Flying,Togedemaru,Electric,Steel,Togedemaru
Wingull,Water,Flying,Mimikyu,Ghost,Fairy,Mimikyu
Pelipper,Water,Flying,Bruxish,Water,Psychic,Bruxish
Ralts,Psychic,Fairy,Drampa,Normal,Dragon,Ralts
Kirlia,Psychic,Fairy,Dhelmise,Ghost,Grass,Kirlia
Gardevoir,Psychic,Fairy,Jangmo-o,Dragon,,Gardevoir
Mega Gardevoir,Psychic,Fairy,Hakamo-o,Dragon,Fighting,Mega Gardevoir
Surskit,Bug,Water,Kommo-o,Dragon,Fighting,Kommo-o
Masquerain,Bug,Flying,Tapu Koko,Electric,Fairy,Tapu Koko
Shroomish,Grass,,Tapu Lele,Psychic,Fairy,Tapu Lele
Breloom,Grass,Fighting,Tapu Bulu,Grass,Fairy,Tapu Bulu
Slakoth,Normal,,Tapu Fini,Water,Fairy,Tapu Fini
Vigoroth,Normal,,Cosmog,Psychic,,Cosmog
Slaking,Normal,,Cosmoem,Psychic,,Slaking
Nincada,Bug,Ground,Solgaleo,Psychic,Steel,Nincada
Ninjask,Bug,Flying,Lunala,Psychic,Ghost,Lunala
Shedinja,Bug,Ghost,Nihilego,Rock,Poison,Nihilego
Whismur,Normal,,Buzzwole,Bug,Fighting,Buzzwole
Loudred,Normal,,Pheromosa,Bug,Fighting,Pheromosa
Exploud,Normal,,Xurkitree,Electric,,Exploud
Makuhita,Fighting,,Celesteela,Steel,Flying,Celesteela
Hariyama,Fighting,,Kartana,Grass,Steel,Hariyama
Azurill,Normal,Fairy,Guzzlord,Dark,Dragon,Azurill
Nosepass,Rock,,Necrozma,Psychic,,Nosepass
Skitty,Normal,,Dusk Mane Necrozma,Psychic,Steel,Dusk Mane Necrozma
Delcatty,Normal,,Dawn Wings Necrozma,Psychic,Ghost,Dawn Wings Necrozma
Sableye,Dark,Ghost,Ultra Necrozma,Psychic,Dragon,Sableye
Mega Sableye,Dark,Ghost,Magearna,Steel,Fairy,Magearna
Mawile,Steel,Fairy,Marshadow,Fighting,Ghost,Mawile
Mega Mawile,Steel,Fairy,Poipole,Poison,,Mega Mawile
Aron,Steel,Rock,Naganadel,Poison,Dragon,Aron
Lairon,Steel,Rock,Stakataka,Rock,Steel,Stakataka
Aggron,Steel,Rock,Blacephalon,Fire,Ghost,Blacephalon
Mega Aggron,Steel,,Zeraora,Electric,,Mega Aggron
Meditite,Fighting,Psychic,Meltan,Steel,,Meditite
Medicham,Fighting,Psychic,Melmetal,Steel,,Medicham
Mega Medicham,Fighting,Psychic,Grookey,Grass,,Grookey
Electrike,Electric,,Thwackey,Grass,,Electrike
Manectric,Electric,,Rillaboom,Grass,,Manectric
Mega Manectric,Electric,,Scorbunny,Fire,,Scorbunny
Plusle,Electric,,Raboot,Fire,,Plusle
Minun,Electric,,Cinderace,Fire,,Cinderace
Volbeat,Bug,,Sobble,Water,,Sobble
Illumise,Bug,,Drizzile,Water,,Drizzile
Roselia,Grass,Poison,Inteleon,Water,,Roselia
Gulpin,Poison,,Skwovet,Normal,,Skwovet
Swalot,Poison,,Greedent,Normal,,Swalot
Carvanha,Water,Dark,Rookidee,Flying,,Rookidee
Sharpedo,Water,Dark,Corvisquire,Flying,,Corvisquire
Mega Sharpedo,Water,Dark,Corviknight,Flying,Steel,Corviknight
Wailmer,Water,,Blipbug,Bug,,Blipbug
Wailord,Water,,Dottler,Bug,Psychic,Dottler
Numel,Fire,Ground,Orbeetle,Bug,Psychic,Numel
Camerupt,Fire,Ground,Nickit,Dark,,Nickit
Mega Camerupt,Fire,Ground,Thievul,Dark,,Thievul
Torkoal,Fire,,Gossifleur,Grass,,Torkoal
Spoink,Psychic,,Eldegoss,Grass,,Spoink
Grumpig,Psychic,,Wooloo,Normal,,Wooloo
Spinda,Normal,,Dubwool,Normal,,Spinda
Trapinch,Ground,,Chewtle,Water,,Chewtle
Vibrava,Ground,Dragon,Drednaw,Water,Rock,Vibrava
Flygon,Ground,Dragon,Yamper,Electric,,Flygon
Cacnea,Grass,,Boltund,Electric,,Cacnea
Cacturne,Grass,Dark,Rolycoly,Rock,,Cacturne
Swablu,Normal,Flying,Carkol,Rock,Fire,Carkol
Altaria,Dragon,Flying,Coalossal,Rock,Fire,Coalossal
Mega Altaria,Dragon,Fairy,Applin,Grass,Dragon,Mega Altaria
Zangoose,Normal,,Flapple,Grass,Dragon,Flapple
Seviper,Poison,,Appletun,Grass,Dragon,Seviper
Lunatone,Rock,Psychic,Silicobra,Ground,,Silicobra
Solrock,Rock,Psychic,Sandaconda,Ground,,Sandaconda
Barboach,Water,Ground,Cramorant,Flying,Water,Barboach
Whiscash,Water,Ground,Arrokuda,Water,,Whiscash
Corphish,Water,,Barraskewda,Water,,Corphish
Crawdaunt,Water,Dark,Toxel,Electric,Poison,Toxel
Baltoy,Ground,Psychic,Toxtricity Amped Form,Electric,Poison,Baltoy
Claydol,Ground,Psychic,Toxtricity Low-Key Form,Electric,Poison,Claydol
Lileep,Rock,Grass,Sizzlipede,Fire,Bug,Lileep
Cradily,Rock,Grass,Centiskorch,Fire,Bug,Cradily
Anorith,Rock,Bug,Clobbopus,Fighting,,Clobbopus
Armaldo,Rock,Bug,Grapploct,Fighting,,Grapploct
Feebas,Water,,Sinistea,Ghost,,Sinistea
Milotic,Water,,Polteageist,Ghost,,Polteageist
Castform,Normal,,Hatenna,Psychic,,Castform
Castform Sunny Form,Normal,,Hattrem,Psychic,,Hattrem
Castform Rainy Form,Normal,,Hatterene,Psychic,Fairy,Castform Rainy Form
Castform Snowy Form,Normal,,Impidimp,Dark,Fairy,Impidimp
Kecleon,Normal,,Morgrem,Dark,Fairy,Kecleon
Shuppet,Ghost,,Grimmsnarl,Dark,Fairy,Grimmsnarl
Banette,Ghost,,Obstagoon,Dark,Normal,Obstagoon
Mega Banette,Ghost,,Perrserker,Steel,,Mega Banette
Duskull,Ghost,,Cursola,Ghost,,Duskull
Dusclops,Ghost,,Sirfetch'd,Fighting,,Dusclops
Tropius,Grass,Flying,Mr. Rime,Ice,Psychic,Mr. Rime
Chimecho,Psychic,,Runerigus,Ground,Ghost,Runerigus
Absol,Dark,,Milcery,Fairy,,Milcery
Mega Absol,Dark,,Alcremie,Fairy,,Alcremie
Wynaut,Psychic,,Falinks,Fighting,,Wynaut
Snorunt,Ice,,Pincurchin,Electric,,Snorunt
Glalie,Ice,,Snom,Ice,Bug,Snom
Mega Glalie,Ice,,Frosmoth,Ice,Bug,Frosmoth
Spheal,Ice,Water,Stonjourner,Rock,,Stonjourner
Sealeo,Ice,Water,Eiscue Ice Face,Ice,,Sealeo
Walrein,Ice,Water,Eiscue Noice Face,Ice,,Walrein
Clamperl,Water,,Indeedee Male,Psychic,Normal,Indeedee Male
Huntail,Water,,Indeedee Female,Psychic,Normal,Huntail
Gorebyss,Water,,Morpeko Full Berry Mode,Electric,Dark,Morpeko Full Berry Mode
Relicanth,Water,Rock,Morpeko Hangry Mode,Electric,Dark,Morpeko Hangry Mode
Luvdisc,Water,,Cufant,Steel,,Cufant
Bagon,Dragon,,Copperajah,Steel,,Bagon
Shelgon,Dragon,,Dracozolt,Electric,Dragon,Shelgon
Salamence,Dragon,Flying,Arctozolt,Electric,Ice,Arctozolt
Mega Salamence,Dragon,Flying,Dracovish,Water,Dragon,Dracovish
Beldum,Steel,Psychic,Arctovish,Water,Ice,Beldum
Metang,Steel,Psychic,Duraludon,Steel,Dragon,Metang
Metagross,Steel,Psychic,Dreepy,Dragon,Ghost,Dreepy
Mega Metagross,Steel,Psychic,Drakloak,Dragon,Ghost,Drakloak
Regirock,Rock,,Dragapult,Dragon,Ghost,Dragapult
Regice,Ice,,Zacian Hero of Many Battles,Fairy,,Zacian Hero of Many Battles
Registeel,Steel,,Zacian Crowned Sword,Fairy,Steel,Zacian Crowned Sword
Latias,Dragon,Psychic,Zamazenta Hero of Many Battles,Fighting,,Latias
Mega Latias,Dragon,Psychic,Zamazenta Crowned Shield,Fighting,Steel,Mega Latias
Latios,Dragon,Psychic,Eternatus,Poison,Dragon,Latios
Mega Latios,Dragon,Psychic,Eternamax Eternatus,Poison,Dragon,Mega Latios
Kyogre,Water,,Kubfu,Fighting,,Kubfu
Primal Kyogre,Water,,Urshifu Single Strike Style,Fighting,Dark,Primal Kyogre
Groudon,Ground,,Urshifu Rapid Strike Style,Fighting,Water,Urshifu Rapid Strike Style
Primal Groudon,Ground,Fire,Zarude,Dark,Grass,Primal Groudon
Rayquaza,Dragon,Flying,Regieleki,Electric,,Regieleki
Mega Rayquaza,Dragon,Flying,Regidrago,Dragon,,Regidrago
Jirachi,Steel,Psychic,Glastrier,Ice,,Jirachi
Deoxys,Psychic,,Spectrier,Ghost,,Deoxys
Deoxys Attack Form,Psychic,,Calyrex,Psychic,Grass,Deoxys Attack Form
Deoxys Defense Form,Psychic,,Calyrex Ice Rider,Psychic,Ice,Calyrex Ice Rider
Deoxys Speed Form,Psychic,,Calyrex Shadow Rider,Psychic,Ghost,Calyrex Shadow Rider
Turtwig,Grass,,Wyrdeer,Normal,Psychic,Wyrdeer
Grotle,Grass,,Kleavor,Bug,Rock,Grotle
Torterra,Grass,Ground,Ursaluna,Ground,Normal,Torterra
Chimchar,Fire,,Basculegion Male,Water,Ghost,Basculegion Male
Monferno,Fire,Fighting,Basculegion Felame,Water,Ghost,Basculegion Female
Infernape,Fire,Fighting,Sneasler,Fighting,Poison,Infernape
Piplup,Water,,Overqwil,Dark,Poison,Piplup
Prinplup,Water,,Enamorus Incarnate Style,Fairy,Flying,Prinplup
Empoleon,Water,Steel,Enamorus Therian Style,Fairy,Flying,Enamorus Therian Style
Starly,Normal,Flying,Sprigatito,Grass,,Starly
Staravia,Normal,Flying,Floragato,Grass,,Staravia
Staraptor,Normal,Flying,Meowscarada,Grass,Dark,Staraptor
Bidoof,Normal,,Fuecoco,Fire,,Bidoof
Bibarel,Normal,Water,Crocalor,Fire,,Bibarel
Kricketot,Bug,,Skeledirge,Fire,Ghost,Skeledirge
Kricketune,Bug,,Quaxly,Water,,Kricketune
Shinx,Electric,,Quaxwell,Water,,Shinx
Luxio,Electric,,Quaquaval,Water,Fighting,Luxio
Luxray,Electric,,Lechonk,Normal,,Luxray
Budew,Grass,Poison,Oinkologne,Normal,,Budew
Roserade,Grass,Poison,Oinkologne,Normal,,Oinkologne
Cranidos,Rock,,Tarountula,Bug,,Cranidos
Rampardos,Rock,,Spidops,Bug,,Rampardos
Shieldon,Rock,Steel,Nymble,Bug,,Shieldon
Bastiodon,Rock,Steel,Lokix,Bug,Dark,Bastiodon
Burmy Plant Form,Bug,,Pawmi,Electric,,Burmy Plant Form
Burmy Sandy Form,Bug,,Pawmo,Electric,Fighting,Pawmo
Burmy Trash Form,Bug,,Pawmot,Electric,Fighting,Pawmot
Wormadam Plant Form,Bug,Grass,Tandemaus,Normal,,Tandemaus
Wormadam Sandy Form,Bug,Ground,Maushold Family of Three,Normal,,Wormadam Sandy Form
Wormadam Trash Form,Bug,Steel,Maushold Family of Four,Normal,,Wormadam Trash Form
Mothim,Bug,Flying,Fidough,Fairy,,Mothim
Combee,Bug,Flying,Dachsbun,Fairy,,Dachsbun
Vespiquen,Bug,Flying,Smoliv,Grass,Normal,Vespiquen
Pachirisu,Electric,,Dolliv,Grass,Normal,Pachirisu
Buizel,Water,,Arboliva,Grass,Normal,Arboliva
Floatzel,Water,,Squawkabilly Green Plumage,Normal,Flying,Squawkabilly Green Plumage
Cherubi,Grass,,Squawkabilly Blue Plumage,Normal,Flying,Squawkabilly Blue Plumage
Cherrim,Grass,,Squawkabilly Yellow Plumage,Normal,Flying,Squawkabilly Yellow Plumage
Cherrim Sunshine Form,Grass,,Squawkabilly White Plumage,Normal,Flying,Squawkabilly White Plumage
Shellos East-Sea Form,Water,,Nacli,Rock,,Shellos East-Sea Form
Shellos West-Sea Form,Water,,Naclstack,Rock,,Shellos West-Sea Form
Gastrodon East-Sea Form,Water,Ground,Garganacl,Rock,,Gastrodon East-Sea Form
Gastrodon West-Sea Form,Water,Ground,Charcadet,Fire,,Gastrodon West-Sea Form
Ambipom,Normal,,Armarouge,Fire,Psychic,Ambipom
Drifloon,Ghost,Flying,Ceruledge,Fire,Ghost,Drifloon
Drifblim,Ghost,Flying,Tadbulb,Electric,,Tadbulb
Buneary,Normal,,Bellibolt,Electric,,Bellibolt
Lopunny,Normal,,Wattrel,Electric,Flying,Lopunny
Mega Lopunny,Normal,Fighting,Kilowattrel,Electric,Flying,Kilowattrel
Mismagius,Ghost,,Maschiff,Dark,,Maschiff
Honchkrow,Dark,Flying,Mabosstiff,Dark,,Honchkrow
Glameow,Normal,,Shroodle,Poison,Normal,Shroodle
Purugly,Normal,,Grafaiai,Poison,Normal,Grafaiai
Chingling,Psychic,,Bramblin,Grass,Ghost,Bramblin
Stunky,Poison,Dark,Brambleghast,Grass,Ghost,Stunky
Skuntank,Poison,Dark,Toedscool,Ground,Grass,Toedscool
Bronzor,Steel,Psychic,Toedscruel,Ground,Grass,Bronzor
Bronzong,Steel,Psychic,Klawf,Rock,,Bronzong
Bonsly,Rock,,Capsakid,Grass,,Capsakid
Mime Jr.,Psychic,Fairy,Scovillain,Grass,Fire,Mime Jr.
Happiny,Normal,,Rellor,Bug,,Rellor
Chatot,Normal,Flying,Rabsca,Bug,Psychic,Chatot
Spiritomb,Ghost,Dark,Flittle,Psychic,,Spiritomb
Gible,Dragon,Ground,Espathra,Psychic,,Espathra
Gabite,Dragon,Ground,Tinkatink,Fairy,Steel,Tinkatink
Garchomp,Dragon,Ground,Tinkatuff,Fairy,Steel,Tinkatuff
Mega Garchomp,Dragon,Ground,Tinkaton,Fairy,Steel,Tinkaton
Munchlax,Normal,,Wiglett,Water,,Wiglett
Riolu,Fighting,,Wugtrio,Water,,Riolu
Lucario,Fighting,Steel,Bombirdier,Flying,Dark,Lucario
Mega Lucario,Fighting,Steel,Finizen,Water,,Mega Lucario
Hippopotas,Ground,,Palafin Zero Form,Water,,Palafin Zero Form
Hippowdon,Ground,,Palafin Hero Form,Water,,Palafin Hero Form
Skorupi,Poison,Bug,Varoom,Steel,Poison,Varoom
Drapion,Poison,Dark,Revavroom,Steel,Poison,Revavroom
Croagunk,Poison,Fighting,Cyclizar,Dragon,Normal,Croagunk
Toxicroak,Poison,Fighting,Orthworm,Steel,,Toxicroak
Carnivine,Grass,,Glimmet,Rock,Poison,Carnivine
Finneon,Water,,Glimmora,Rock,Poison,Finneon
Lumineon,Water,,Greavard,Ghost,,Greavard
Mantyke,Water,Flying,Houndstone,Ghost,,Houndstone
Snover,Grass,Ice,Flamigo,Flying,Fighting,Flamigo
Abomasnow,Grass,Ice,Cetoddle,Ice,,Abomasnow
Mega Abomasnow,Grass,Ice,Cetitan,Ice,,Mega Abomasnow
Weavile,Dark,Ice,Veluza,Water,Psychic,Weavile
Magnezone,Electric,Steel,Dondozo,Water,,Magnezone
Lickilicky,Normal,,Tatsugiri Curly Form,Dragon,Water,Tatsugiri Curly Form
Rhyperior,Ground,Rock,Tatsugiri Droopy Form,Dragon,Water,Tatsugiri Droopy Form
Tangrowth,Grass,,Tatsugiri Stretchy Form,Dragon,Water,Tangrowth
Electivire,Electric,,Annihilape,Fighting,Ghost,Electivire
Magmortar,Fire,,Clodsire,Poison,Ground,Clodsire
Togekiss,Fairy,Flying,Farigiraf,Normal,Psychic,Farigiraf
Yanmega,Bug,Flying,Dudunsparce Two-Segment Form,Normal,,Dudunsparce Two-Segment Form
Leafeon,Grass,,Dudunsparce Three-Segment Form,Normal,,Dudunsparce Three-Segment Form
Glaceon,Ice,,Kingambit,Dark,Steel,Kingambit
Gliscor,Ground,Flying,Great Tusk,Ground,Fighting,Gliscor
Mamoswine,Ice,Ground,Scream Tail,Fairy,Psychic,Scream Tail
Porygon-Z,Normal,,Brute Bonnet,Grass,Dark,Porygon-Z
Gallade,Psychic,Fighting,Flutter Mane,Ghost,Fairy,Gallade
Mega Gallade,Psychic,Fighting,Slither Wing,Bug,Fighting,Mega Gallade
Probopass,Rock,Steel,Sandy Shocks,Electric,Ground,Sandy Shocks
Dusknoir,Ghost,,Iron Treads,Ground,Steel,Iron Treads
Froslass,Ice,Ghost,Iron Bundle,Ice,Water,Iron Bundle
Rotom,Electric,Ghost,Iron Hands,Fighting,Electric,Rotom
Heat Rotom,Electric,Fire,Iron Jugulis,Dark,Flying,Iron Jugulis
Wash Rotom,Electric,Water,Iron Moth,Fire,Poison,Wash Rotom
Frost Rotom,Electric,Ice,Iron Thorns,Rock,Electric,Iron Thorns
Fan Rotom,Electric,Flying,Frigibax,Dragon,Ice,Frigibax
Mow Rotom,Electric,Grass,Arctibax,Dragon,Ice,Arctibax
Uxie,Psychic,,Baxcalibur,Dragon,Ice,Uxie
Mesprit,Psychic,,Gimmighoul Chest Form,Ghost,,Gimmighoul Chest Form
Azelf,Psychic,,Gimmighoul Roaming Form,Ghost,,Gimmighoul Roaming Form
Dialga,Steel,Dragon,Gholdengo,Steel,Ghost,Dialga
Dialga Origin Form,Steel,Dragon,Wo-Chien,Dark,Grass,Wo-Chien
Palkia,Water,Dragon,Chien-Pao,Dark,Ice,Palkia
Palkia Origin Form,Water,Dragon,Ting-Lu,Dark,Ground,Palkia Origin Form
Heatran,Fire,Steel,Chi-Yu,Dark,Fire,Heatran
Regigigas,Normal,,Roaring Moon,Dragon,Dark,Regigigas
Giratina,Ghost,Dragon,Iron Valiant,Fairy,Fighting,Giratina
Giratina Origin Form,Ghost,Dragon,Koraidon,Fighting,Dragon,Giratina Origin Form
Miraidon,Electric,Dragon,Walking Wake,Water,Dragon,Miraidon